{
    "Test": {
        "Mean Loss": [
            2.3743187761306763
        ],
        "Mean Accuracy": [
            0.6319999999999999
        ],
        "Std Loss": [
            0.12537962207849312
        ],
        "Std Accuracy": [
            0.014996295838935976
        ]
    }
}